VTX, IDX, TEXCOORD0.x, TEXCOORD0.y, TEXCOORD0.z, TEXCOORD1.x, TEXCOORD1.y, TEXCOORD2.x, TEXCOORD2.y, TEXCOORD2.z
0, 0, -0.27856,  1.13947, -0.47977,  0.35647,  0.14787, -0.28213, -1.20071, -0.20297
1, 1, -0.28796,  1.12231, -0.3652,  0.33895,  0.09036, -0.28213, -1.20071, -0.20297
2, 2, -0.3116,  1.14243, -0.45135,  0.37504,  0.12546, -0.28213, -1.20071, -0.20297
3, 3, -0.33206,  1.0932, -0.3572,  0.35493,  0.05639,  0.1939, -0.59158, -1.08395
4, 4, -0.28796,  1.12231, -0.3652,  0.33895,  0.09036,  0.1939, -0.59158, -1.08395
5, 5, -0.33061,  1.05303, -0.33502,  0.33437,  0.0325,  0.1939, -0.59158, -1.08395
6, 6, -0.33061,  1.05303, -0.33502,  0.33437,  0.0325,  0.64994, -0.73674, -0.77284
7, 7, -0.28796,  1.12231, -0.3652,  0.33895,  0.09036,  0.64994, -0.73674, -0.77284
8, 8, -0.30143,  1.0543, -0.31168,  0.31603,  0.04844,  0.64994, -0.73674, -0.77284
9, 9, -0.34725,  1.13427, -0.43821,  0.39781,  0.10207,  0.40857, -1.06719, -0.50662
10, 10, -0.28796,  1.12231, -0.3652,  0.33895,  0.09036,  0.40857, -1.06719, -0.50662
11, 11, -0.34921,  1.1109, -0.39055,  0.37903,  0.07025,  0.40857, -1.06719, -0.50662
12, 12, -0.21348,  1.06013, -0.36797,  0.268,  0.08734, -0.70387, -0.81494, -0.63477
13, 13, -0.28796,  1.12231, -0.3652,  0.33895,  0.09036, -0.70387, -0.81494, -0.63477
14, 14, -0.21444,  1.10016, -0.41828,  0.29088,  0.12793, -0.70387, -0.81494, -0.63477
15, 15, -0.30143,  1.0543, -0.31168,  0.31603,  0.04844, -0.25224, -0.72583, -0.98592
16, 16, -0.28796,  1.12231, -0.3652,  0.33895,  0.09036, -0.25224, -0.72583, -0.98592
17, 17, -0.26402,  1.03449, -0.30667,  0.28386,  0.04005, -0.25224, -0.72583, -0.98592
18, 18, -0.23753,  1.12285, -0.45449,  0.31973,  0.14514, -0.35196, -1.18163, -0.20585
19, 19, -0.28796,  1.12231, -0.3652,  0.33895,  0.09036, -0.35196, -1.18163, -0.20585
20, 20, -0.27856,  1.13947, -0.47977,  0.35647,  0.14787, -0.35196, -1.18163, -0.20585
21, 21, -0.3116,  1.14243, -0.45135,  0.37504,  0.12546,  0.15517, -1.19774, -0.32224
22, 22, -0.28796,  1.12231, -0.3652,  0.33895,  0.09036,  0.15517, -1.19774, -0.32224
23, 23, -0.34725,  1.13427, -0.43821,  0.39781,  0.10207,  0.15517, -1.19774, -0.32224
24, 24, -0.34921,  1.1109, -0.39055,  0.37903,  0.07025,  0.46086, -0.93211, -0.69374
25, 25, -0.28796,  1.12231, -0.3652,  0.33895,  0.09036,  0.46086, -0.93211, -0.69374
26, 26, -0.37261,  1.08265, -0.36815,  0.38332,  0.0543,  0.46086, -0.93211, -0.69374
27, 27, -0.37261,  1.08265, -0.36815,  0.38332,  0.0543,  0.43759, -0.87626, -0.77665
28, 28, -0.28796,  1.12231, -0.3652,  0.33895,  0.09036,  0.43759, -0.87626, -0.77665
29, 29, -0.33206,  1.0932, -0.3572,  0.35493,  0.05639,  0.43759, -0.87626, -0.77665
30, 30, -0.25221,  1.30474, -0.1895,  0.16501,  0.06222,  0.6794, -0.00776,  1.04922
31, 31, -0.16855,  1.24837, -0.24409,  0.10472,  0.09849,  0.6794, -0.00776,  1.04922
32, 32, -0.21802,  1.36599, -0.21119,  0.18152,  0.10449,  0.6794, -0.00776,  1.04922
33, 33, -0.10907,  1.20369, -0.24324,  0.05806,  0.10841,  0.695,  0.93384,  0.45542
34, 34, -0.16855,  1.24837, -0.24409,  0.10472,  0.09849,  0.695,  0.93384,  0.45542
35, 35, -0.11025,  1.18415, -0.20139,  0.04737,  0.08635,  0.695,  0.93384,  0.45542
36, 36, -0.07101,  1.26734, -0.2646,  0.07262,  0.15507,  0.213,  0.21585,  1.21266
37, 37, -0.16855,  1.24837, -0.24409,  0.10472,  0.09849,  0.213,  0.21585,  1.21266
38, 38, -0.07644,  1.22694, -0.25645,  0.05633,  0.13449,  0.213,  0.21585,  1.21266
39, 39, -0.09389,  1.28804, -0.28374,  0.09302,  0.15922,  0.02264,  0.86191,  0.90504
40, 40, -0.16855,  1.24837, -0.24409,  0.10472,  0.09849,  0.02264,  0.86191,  0.90504
41, 41, -0.07101,  1.26734, -0.2646,  0.07262,  0.15507,  0.02264,  0.86191,  0.90504
42, 42, -0.2368,  1.24157, -0.14754,  0.12609,  0.03274,  0.60916,  0.97079,  0.49899
43, 43, -0.16855,  1.24837, -0.24409,  0.10472,  0.09849,  0.60916,  0.97079,  0.49899
44, 44, -0.26078,  1.26753, -0.16878,  0.1496,  0.03891,  0.60916,  0.97079,  0.49899
45, 45, -0.19233,  1.19272, -0.16686,  0.08444,  0.04231, -0.32047,  1.0249,  0.63982
46, 46, -0.16855,  1.24837, -0.24409,  0.10472,  0.09849, -0.32047,  1.0249,  0.63982
47, 47, -0.21929,  1.19702, -0.18725,  0.09858,  0.03982, -0.32047,  1.0249,  0.63982
48, 48, -0.15516,  1.18547, -0.17658,  0.06577,  0.059,  0.37879,  0.90808,  0.77097
49, 49, -0.16855,  1.24837, -0.24409,  0.10472,  0.09849,  0.37879,  0.90808,  0.77097
50, 50, -0.19233,  1.19272, -0.16686,  0.08444,  0.04231,  0.37879,  0.90808,  0.77097
51, 51, -0.11025,  1.18415, -0.20139,  0.04737,  0.08635, -0.4196,  0.3637,  1.11989
52, 52, -0.16855,  1.24837, -0.24409,  0.10472,  0.09849, -0.4196,  0.3637,  1.11989
53, 53, -0.13432,  1.1788, -0.20867,  0.05508,  0.07716, -0.4196,  0.3637,  1.11989
54, 54, -0.13432,  1.1788, -0.20867,  0.05508,  0.07716,  0.93204,  0.69354,  0.4613
55, 55, -0.16855,  1.24837, -0.24409,  0.10472,  0.09849,  0.93204,  0.69354,  0.4613
56, 56, -0.15516,  1.18547, -0.17658,  0.06577,  0.059,  0.93204,  0.69354,  0.4613
57, 57, -0.21929,  1.19702, -0.18725,  0.09858,  0.03982,  1.01139, -0.22563,  0.69905
58, 58, -0.16855,  1.24837, -0.24409,  0.10472,  0.09849,  1.01139, -0.22563,  0.69905
59, 59, -0.2368,  1.24157, -0.14754,  0.12609,  0.03274,  1.01139, -0.22563,  0.69905
60, 60, -0.26078,  1.26753, -0.16878,  0.1496,  0.03891,  0.80358,  0.31803,  0.90312
61, 61, -0.16855,  1.24837, -0.24409,  0.10472,  0.09849,  0.80358,  0.31803,  0.90312
62, 62, -0.25221,  1.30474, -0.1895,  0.16501,  0.06222,  0.80358,  0.31803,  0.90312
63, 63, -0.21802,  1.36599, -0.21119,  0.18152,  0.10449,  0.75488,  0.039,  0.99556
64, 64, -0.16855,  1.24837, -0.24409,  0.10472,  0.09849,  0.75488,  0.039,  0.99556
65, 65, -0.15963,  1.36958, -0.2556,  0.16066,  0.14619,  0.75488,  0.039,  0.99556
66, 66, -0.15963,  1.36958, -0.2556,  0.16066,  0.14619,  0.83313,  0.02715,  0.93148
67, 67, -0.16855,  1.24837, -0.24409,  0.10472,  0.09849,  0.83313,  0.02715,  0.93148
68, 68, -0.13096,  1.3342, -0.28021,  0.13089,  0.15758,  0.83313,  0.02715,  0.93148
69, 69, -0.13096,  1.3342, -0.28021,  0.13089,  0.15758,  0.07286,  0.45679,  1.16126
70, 70, -0.16855,  1.24837, -0.24409,  0.10472,  0.09849,  0.07286,  0.45679,  1.16126
71, 71, -0.09293,  1.32909, -0.28059,  0.11255,  0.17196,  0.07286,  0.45679,  1.16126
72, 72, -0.09293,  1.32909, -0.28059,  0.11255,  0.17196,  0.6245, -0.09744,  1.07843
73, 73, -0.16855,  1.24837, -0.24409,  0.10472,  0.09849,  0.6245, -0.09744,  1.07843
74, 74, -0.09389,  1.28804, -0.28374,  0.09302,  0.15922,  0.6245, -0.09744,  1.07843
75, 75, -0.07644,  1.22694, -0.25645,  0.05633,  0.13449,  0.23698,  0.33787,  1.17991
76, 76, -0.16855,  1.24837, -0.24409,  0.10472,  0.09849,  0.23698,  0.33787,  1.17991
77, 77, -0.10907,  1.20369, -0.24324,  0.05806,  0.10841,  0.23698,  0.33787,  1.17991
78, 78, -0.10907,  1.20369, -0.24324,  0.94382,  0.62747,  0.73594, -0.98161, -0.23943
79, 79, -0.11025,  1.18415, -0.20139,  0.97586,  0.65124,  0.56391, -1.08975, -0.23865
80, 80, -0.15409,  1.1768, -0.27141,  0.97586,  0.52281,  0.51733, -1.10279, -0.28059
81, 80, -0.15409,  1.1768, -0.27141,  0.97586,  0.52281,  0.51733, -1.10279, -0.28059
82, 81, -0.07644,  1.22694, -0.25645,  0.89305,  0.66726,  0.7837, -0.53916, -0.81093
83, 78, -0.10907,  1.20369, -0.24324,  0.94382,  0.62747,  0.73594, -0.98161, -0.23943
84, 81, -0.07644,  1.22694, -0.25645,  0.89305,  0.66726,  0.7837, -0.53916, -0.81093
85, 80, -0.15409,  1.1768, -0.27141,  0.97586,  0.52281,  0.51733, -1.10279, -0.28059
86, 82, -0.13577,  1.21923, -0.30859,  0.84139,  0.54141,  0.83342, -0.46465, -0.80747
87, 83, -0.18097,  1.16967, -0.29552,  0.97586,  0.46118,  0.68508, -1.0354, -0.14532
88, 82, -0.13577,  1.21923, -0.30859,  0.84139,  0.54141,  0.83342, -0.46465, -0.80747
89, 80, -0.15409,  1.1768, -0.27141,  0.97586,  0.52281,  0.51733, -1.10279, -0.28059
90, 84, -0.14484,  1.24895, -0.31795,  0.77412,  0.54764,  0.66402,  0.21186, -1.03764
91, 81, -0.07644,  1.22694, -0.25645,  0.89305,  0.66726,  0.7837, -0.53916, -0.81093
92, 82, -0.13577,  1.21923, -0.30859,  0.84139,  0.54141,  0.83342, -0.46465, -0.80747
93, 82, -0.13577,  1.21923, -0.30859,  0.84139,  0.54141,  0.83342, -0.46465, -0.80747
94, 83, -0.18097,  1.16967, -0.29552,  0.97586,  0.46118,  0.68508, -1.0354, -0.14532
95, 85, -0.16685,  1.21626, -0.34188,  0.80258,  0.47778,  0.86268, -0.08712, -0.90039
96, 85, -0.16685,  1.21626, -0.34188,  0.80258,  0.47778,  0.86268, -0.08712, -0.90039
97, 84, -0.14484,  1.24895, -0.31795,  0.77412,  0.54764,  0.66402,  0.21186, -1.03764
98, 82, -0.13577,  1.21923, -0.30859,  0.84139,  0.54141,  0.83342, -0.46465, -0.80747
99, 81, -0.07644,  1.22694, -0.25645,  0.89305,  0.66726,  0.7837, -0.53916, -0.81093
100, 84, -0.14484,  1.24895, -0.31795,  0.77412,  0.54764,  0.66402,  0.21186, -1.03764
101, 86, -0.09389,  1.28804, -0.28374,  0.77876,  0.67146,  0.52975,  0.072, -1.1299
102, 86, -0.09389,  1.28804, -0.28374,  0.77876,  0.67146,  0.52975,  0.072, -1.1299
103, 87, -0.07101,  1.26734, -0.2646,  0.83141,  0.69683,  0.61182, -0.294, -1.04964
104, 81, -0.07644,  1.22694, -0.25645,  0.89305,  0.66726,  0.7837, -0.53916, -0.81093
105, 84, -0.14484,  1.24895, -0.31795,  0.77412,  0.54764,  0.66402,  0.21186, -1.03764
106, 88, -0.13096,  1.3342, -0.28021,  0.67637,  0.68152,  0.17472,  0.52243, -1.12207
107, 86, -0.09389,  1.28804, -0.28374,  0.77876,  0.67146,  0.52975,  0.072, -1.1299
108, 89, -0.09293,  1.32909, -0.28059,  0.72697,  0.7172,  0.00052,  0.09565, -1.24633
109, 86, -0.09389,  1.28804, -0.28374,  0.77876,  0.67146,  0.52975,  0.072, -1.1299
110, 88, -0.13096,  1.3342, -0.28021,  0.67637,  0.68152,  0.17472,  0.52243, -1.12207
111, 88, -0.13096,  1.3342, -0.28021,  0.67637,  0.68152,  0.17472,  0.52243, -1.12207
112, 84, -0.14484,  1.24895, -0.31795,  0.77412,  0.54764,  0.66402,  0.21186, -1.03764
113, 90, -0.18031,  1.28317, -0.31943,  0.66938,  0.54162,  0.09455,  0.71015, -1.02433
114, 85, -0.16685,  1.21626, -0.34188,  0.80258,  0.47778,  0.86268, -0.08712, -0.90039
115, 90, -0.18031,  1.28317, -0.31943,  0.66938,  0.54162,  0.09455,  0.71015, -1.02433
116, 84, -0.14484,  1.24895, -0.31795,  0.77412,  0.54764,  0.66402,  0.21186, -1.03764
117, 90, -0.18031,  1.28317, -0.31943,  0.66938,  0.54162,  0.09455,  0.71015, -1.02433
118, 91, -0.15963,  1.36958, -0.2556,  0.58612,  0.72132, -0.37754,  0.81137, -0.87272
119, 88, -0.13096,  1.3342, -0.28021,  0.67637,  0.68152,  0.17472,  0.52243, -1.12207
120, 91, -0.15963,  1.36958, -0.2556,  0.58612,  0.72132, -0.37754,  0.81137, -0.87272
121, 90, -0.18031,  1.28317, -0.31943,  0.66938,  0.54162,  0.09455,  0.71015, -1.02433
122, 92, -0.23645,  1.29008, -0.28438,  0.52176,  0.53964, -0.77755,  0.86601, -0.45601
123, 92, -0.23645,  1.29008, -0.28438,  0.52176,  0.53964, -0.77755,  0.86601, -0.45601
124, 93, -0.21802,  1.36599, -0.21119,  0.46448,  0.71311, -0.86312,  0.7274, -0.53704
125, 91, -0.15963,  1.36958, -0.2556,  0.58612,  0.72132, -0.37754,  0.81137, -0.87272
126, 92, -0.23645,  1.29008, -0.28438,  0.52176,  0.53964, -0.77755,  0.86601, -0.45601
127, 94, -0.25221,  1.30474, -0.1895,  0.37249,  0.64272, -1.16095,  0.4294, -0.17413
128, 93, -0.21802,  1.36599, -0.21119,  0.46448,  0.71311, -0.86312,  0.7274, -0.53704
129, 83, -0.18097,  1.16967, -0.29552,  0.97586,  0.46118,  0.68508, -1.0354, -0.14532
130, 95, -0.18559,  1.20485, -0.35777,  0.80947,  0.43731,  1.01952, -0.00828, -0.70483
131, 85, -0.16685,  1.21626, -0.34188,  0.80258,  0.47778,  0.86268, -0.08712, -0.90039
132, 95, -0.18559,  1.20485, -0.35777,  0.80947,  0.43731,  1.01952, -0.00828, -0.70483
133, 83, -0.18097,  1.16967, -0.29552,  0.97586,  0.46118,  0.68508, -1.0354, -0.14532
134, 96, -0.19613,  1.1634, -0.31057,  0.97586,  0.42533,  0.86899, -0.86818,  0.12037
135, 97, -0.20935,  1.1488, -0.33271,  0.97586,  0.3728,  1.02371, -0.62179,  0.27699
136, 95, -0.18559,  1.20485, -0.35777,  0.80947,  0.43731,  1.01952, -0.00828, -0.70483
137, 96, -0.19613,  1.1634, -0.31057,  0.97586,  0.42533,  0.86899, -0.86818,  0.12037
138, 90, -0.18031,  1.28317, -0.31943,  0.66938,  0.54162,  0.09455,  0.71015, -1.02433
139, 85, -0.16685,  1.21626, -0.34188,  0.80258,  0.47778,  0.86268, -0.08712, -0.90039
140, 98, -0.20657,  1.26144, -0.34202,  0.66625,  0.48479,  0.16809,  0.84953, -0.90141
141, 98, -0.20657,  1.26144, -0.34202,  0.66625,  0.48479,  0.16809,  0.84953, -0.90141
142, 92, -0.23645,  1.29008, -0.28438,  0.52176,  0.53964, -0.77755,  0.86601, -0.45601
143, 90, -0.18031,  1.28317, -0.31943,  0.66938,  0.54162,  0.09455,  0.71015, -1.02433
144, 95, -0.18559,  1.20485, -0.35777,  0.80947,  0.43731,  1.01952, -0.00828, -0.70483
145, 98, -0.20657,  1.26144, -0.34202,  0.66625,  0.48479,  0.16809,  0.84953, -0.90141
146, 85, -0.16685,  1.21626, -0.34188,  0.80258,  0.47778,  0.86268, -0.08712, -0.90039
147, 95, -0.18559,  1.20485, -0.35777,  0.80947,  0.43731,  1.01952, -0.00828, -0.70483
148, 97, -0.20935,  1.1488, -0.33271,  0.97586,  0.3728,  1.02371, -0.62179,  0.27699
149, 99, -0.20203,  1.18471, -0.38196,  0.81364,  0.37592,  1.0602,  0.11268, -0.62397
150, 100, -0.20355,  1.12578, -0.35746,  0.97586,  0.31726,  1.17008,  0.11873,  0.42345
151, 99, -0.20203,  1.18471, -0.38196,  0.81364,  0.37592,  1.0602,  0.11268, -0.62397
152, 97, -0.20935,  1.1488, -0.33271,  0.97586,  0.3728,  1.02371, -0.62179,  0.27699
153, 99, -0.20203,  1.18471, -0.38196,  0.81364,  0.37592,  1.0602,  0.11268, -0.62397
154, 100, -0.20355,  1.12578, -0.35746,  0.97586,  0.31726,  1.17008,  0.11873,  0.42345
155, 101, -0.21158,  1.16369, -0.4131,  0.80601,  0.31726,  0.99398,  0.3816, -0.6549
156, 102, -0.19223,  1.09782, -0.35475,  0.97586,  0.28606,  1.09365, -0.54639,  0.26054
157, 101, -0.21158,  1.16369, -0.4131,  0.80601,  0.31726,  0.99398,  0.3816, -0.6549
158, 100, -0.20355,  1.12578, -0.35746,  0.97586,  0.31726,  1.17008,  0.11873,  0.42345
159, 103, -0.21076,  1.09062, -0.36347,  0.97586,  0.26211,  1.06136, -0.63798,  0.17028
160, 101, -0.21158,  1.16369, -0.4131,  0.80601,  0.31726,  0.99398,  0.3816, -0.6549
161, 102, -0.19223,  1.09782, -0.35475,  0.97586,  0.28606,  1.09365, -0.54639,  0.26054
162, 99, -0.20203,  1.18471, -0.38196,  0.81364,  0.37592,  1.0602,  0.11268, -0.62397
163, 104, -0.23286,  1.24143, -0.3708,  0.66912,  0.42507,  0.16243,  0.85503, -0.8937
164, 95, -0.18559,  1.20485, -0.35777,  0.80947,  0.43731,  1.01952, -0.00828, -0.70483
165, 98, -0.20657,  1.26144, -0.34202,  0.66625,  0.48479,  0.16809,  0.84953, -0.90141
166, 95, -0.18559,  1.20485, -0.35777,  0.80947,  0.43731,  1.01952, -0.00828, -0.70483
167, 104, -0.23286,  1.24143, -0.3708,  0.66912,  0.42507,  0.16243,  0.85503, -0.8937
168, 103, -0.21076,  1.09062, -0.36347,  0.97586,  0.26211,  1.06136, -0.63798,  0.17028
169, 105, -0.21444,  1.10016, -0.41828,  0.87499,  0.23659,  1.24801, -0.06517,  0.02713
170, 101, -0.21158,  1.16369, -0.4131,  0.80601,  0.31726,  0.99398,  0.3816, -0.6549
171, 105, -0.21444,  1.10016, -0.41828,  0.87499,  0.23659,  1.24801, -0.06517,  0.02713
172, 103, -0.21076,  1.09062, -0.36347,  0.97586,  0.26211,  1.06136, -0.63798,  0.17028
173, 106, -0.21348,  1.06013, -0.36797,  0.97586,  0.21282,  1.08363, -0.1845,  0.59516
174, 101, -0.21158,  1.16369, -0.4131,  0.80601,  0.31726,  0.99398,  0.3816, -0.6549
175, 105, -0.21444,  1.10016, -0.41828,  0.87499,  0.23659,  1.24801, -0.06517,  0.02713
176, 107, -0.20768,  1.10789, -0.45558,  0.82127,  0.21044,  1.05203,  0.454, -0.49962
177, 101, -0.21158,  1.16369, -0.4131,  0.80601,  0.31726,  0.99398,  0.3816, -0.6549
178, 107, -0.20768,  1.10789, -0.45558,  0.82127,  0.21044,  1.05203,  0.454, -0.49962
179, 108, -0.23753,  1.12285, -0.45449,  0.76965,  0.22822,  0.52325,  0.68596, -0.90453
180, 101, -0.21158,  1.16369, -0.4131,  0.80601,  0.31726,  0.99398,  0.3816, -0.6549
181, 108, -0.23753,  1.12285, -0.45449,  0.76965,  0.22822,  0.52325,  0.68596, -0.90453
182, 109, -0.26578,  1.18142, -0.43288,  0.67776,  0.31726,  0.073,  0.87241, -0.89223
183, 109, -0.26578,  1.18142, -0.43288,  0.67776,  0.31726,  0.073,  0.87241, -0.89223
184, 108, -0.23753,  1.12285, -0.45449,  0.76965,  0.22822,  0.52325,  0.68596, -0.90453
185, 110, -0.27856,  1.13947, -0.47977,  0.68615,  0.19899,  0.1548,  0.90323, -0.85013
186, 109, -0.26578,  1.18142, -0.43288,  0.67776,  0.31726,  0.073,  0.87241, -0.89223
187, 110, -0.27856,  1.13947, -0.47977,  0.68615,  0.19899,  0.1548,  0.90323, -0.85013
188, 111, -0.3116,  1.14243, -0.45135,  0.60505,  0.2175, -0.48535,  0.90751, -0.70947
189, 101, -0.21158,  1.16369, -0.4131,  0.80601,  0.31726,  0.99398,  0.3816, -0.6549
190, 112, -0.25209,  1.21688, -0.39743,  0.67188,  0.36771,  0.10172,  0.86285, -0.89379
191, 99, -0.20203,  1.18471, -0.38196,  0.81364,  0.37592,  1.0602,  0.11268, -0.62397
192, 104, -0.23286,  1.24143, -0.3708,  0.66912,  0.42507,  0.16243,  0.85503, -0.8937
193, 99, -0.20203,  1.18471, -0.38196,  0.81364,  0.37592,  1.0602,  0.11268, -0.62397
194, 112, -0.25209,  1.21688, -0.39743,  0.67188,  0.36771,  0.10172,  0.86285, -0.89379
195, 112, -0.25209,  1.21688, -0.39743,  0.67188,  0.36771,  0.10172,  0.86285, -0.89379
196, 101, -0.21158,  1.16369, -0.4131,  0.80601,  0.31726,  0.99398,  0.3816, -0.6549
197, 109, -0.26578,  1.18142, -0.43288,  0.67776,  0.31726,  0.073,  0.87241, -0.89223
198, 111, -0.3116,  1.14243, -0.45135,  0.60505,  0.2175, -0.48535,  0.90751, -0.70947
199, 113, -0.33662,  1.15117, -0.42404,  0.53067,  0.24143, -1.03827,  0.38941, -0.57693
200, 109, -0.26578,  1.18142, -0.43288,  0.67776,  0.31726,  0.073,  0.87241, -0.89223
201, 113, -0.33662,  1.15117, -0.42404,  0.53067,  0.24143, -1.03827,  0.38941, -0.57693
202, 111, -0.3116,  1.14243, -0.45135,  0.60505,  0.2175, -0.48535,  0.90751, -0.70947
203, 114, -0.34725,  1.13427, -0.43821,  0.5295,  0.19359, -0.92516,  0.79965, -0.25908
204, 115, -0.34921,  1.1109, -0.39055,  0.42926,  0.22213, -1.10324,  0.58608,  0.04328
205, 113, -0.33662,  1.15117, -0.42404,  0.53067,  0.24143, -1.03827,  0.38941, -0.57693
206, 114, -0.34725,  1.13427, -0.43821,  0.5295,  0.19359, -0.92516,  0.79965, -0.25908
207, 113, -0.33662,  1.15117, -0.42404,  0.53067,  0.24143, -1.03827,  0.38941, -0.57693
208, 115, -0.34921,  1.1109, -0.39055,  0.42926,  0.22213, -1.10324,  0.58608,  0.04328
209, 116, -0.33686,  1.13213, -0.34007,  0.35938,  0.31726, -1.12007,  0.21725,  0.51063
210, 117, -0.37261,  1.08265, -0.36815,  0.39991,  0.20757, -1.01161,  0.37155,  0.63332
211, 116, -0.33686,  1.13213, -0.34007,  0.35938,  0.31726, -1.12007,  0.21725,  0.51063
212, 115, -0.34921,  1.1109, -0.39055,  0.42926,  0.22213, -1.10324,  0.58608,  0.04328
213, 117, -0.37261,  1.08265, -0.36815,  0.39991,  0.20757, -1.01161,  0.37155,  0.63332
214, 118, -0.33206,  1.0932, -0.3572,  0.3382,  0.23579, -1.02787, -0.38869,  0.59574
215, 116, -0.33686,  1.13213, -0.34007,  0.35938,  0.31726, -1.12007,  0.21725,  0.51063
216, 119, -0.33061,  1.05303, -0.33502,  0.2868,  0.19323, -0.95296, -0.0237,  0.80859
217, 116, -0.33686,  1.13213, -0.34007,  0.35938,  0.31726, -1.12007,  0.21725,  0.51063
218, 118, -0.33206,  1.0932, -0.3572,  0.3382,  0.23579, -1.02787, -0.38869,  0.59574
219, 119, -0.33061,  1.05303, -0.33502,  0.2868,  0.19323, -0.95296, -0.0237,  0.80859
220, 120, -0.30143,  1.0543, -0.31168,  0.24249,  0.22034, -0.54777, -0.13096,  1.11593
221, 116, -0.33686,  1.13213, -0.34007,  0.35938,  0.31726, -1.12007,  0.21725,  0.51063
222, 121, -0.34199,  1.17086, -0.42611,  0.53129,  0.26644, -0.9071,  0.55093, -0.66042
223, 109, -0.26578,  1.18142, -0.43288,  0.67776,  0.31726,  0.073,  0.87241, -0.89223
224, 113, -0.33662,  1.15117, -0.42404,  0.53067,  0.24143, -1.03827,  0.38941, -0.57693
225, 113, -0.33662,  1.15117, -0.42404,  0.53067,  0.24143, -1.03827,  0.38941, -0.57693
226, 116, -0.33686,  1.13213, -0.34007,  0.35938,  0.31726, -1.12007,  0.21725,  0.51063
227, 121, -0.34199,  1.17086, -0.42611,  0.53129,  0.26644, -0.9071,  0.55093, -0.66042
228, 109, -0.26578,  1.18142, -0.43288,  0.67776,  0.31726,  0.073,  0.87241, -0.89223
229, 121, -0.34199,  1.17086, -0.42611,  0.53129,  0.26644, -0.9071,  0.55093, -0.66042
230, 122, -0.31832,  1.17739, -0.39851,  0.53254,  0.31726, -0.74501,  0.99996, -0.08676
231, 122, -0.31832,  1.17739, -0.39851,  0.53254,  0.31726, -0.74501,  0.99996, -0.08676
232, 112, -0.25209,  1.21688, -0.39743,  0.67188,  0.36771,  0.10172,  0.86285, -0.89379
233, 109, -0.26578,  1.18142, -0.43288,  0.67776,  0.31726,  0.073,  0.87241, -0.89223
234, 121, -0.34199,  1.17086, -0.42611,  0.53129,  0.26644, -0.9071,  0.55093, -0.66042
235, 116, -0.33686,  1.13213, -0.34007,  0.35938,  0.31726, -1.12007,  0.21725,  0.51063
236, 122, -0.31832,  1.17739, -0.39851,  0.53254,  0.31726, -0.74501,  0.99996, -0.08676
237, 112, -0.25209,  1.21688, -0.39743,  0.67188,  0.36771,  0.10172,  0.86285, -0.89379
238, 122, -0.31832,  1.17739, -0.39851,  0.53254,  0.31726, -0.74501,  0.99996, -0.08676
239, 123, -0.30145,  1.21275, -0.36758,  0.5305,  0.35994, -0.83776,  0.83792, -0.33484
240, 116, -0.33686,  1.13213, -0.34007,  0.35938,  0.31726, -1.12007,  0.21725,  0.51063
241, 123, -0.30145,  1.21275, -0.36758,  0.5305,  0.35994, -0.83776,  0.83792, -0.33484
242, 122, -0.31832,  1.17739, -0.39851,  0.53254,  0.31726, -0.74501,  0.99996, -0.08676
243, 123, -0.30145,  1.21275, -0.36758,  0.5305,  0.35994, -0.83776,  0.83792, -0.33484
244, 116, -0.33686,  1.13213, -0.34007,  0.35938,  0.31726, -1.12007,  0.21725,  0.51063
245, 124, -0.31394,  1.17778, -0.31059,  0.36574,  0.37229, -1.05533,  0.23552,  0.59123
246, 123, -0.30145,  1.21275, -0.36758,  0.5305,  0.35994, -0.83776,  0.83792, -0.33484
247, 104, -0.23286,  1.24143, -0.3708,  0.66912,  0.42507,  0.16243,  0.85503, -0.8937
248, 112, -0.25209,  1.21688, -0.39743,  0.67188,  0.36771,  0.10172,  0.86285, -0.89379
249, 104, -0.23286,  1.24143, -0.3708,  0.66912,  0.42507,  0.16243,  0.85503, -0.8937
250, 123, -0.30145,  1.21275, -0.36758,  0.5305,  0.35994, -0.83776,  0.83792, -0.33484
251, 125, -0.28464,  1.24231, -0.3418,  0.5296,  0.41673, -0.82202,  0.8437, -0.37595
252, 124, -0.31394,  1.17778, -0.31059,  0.36574,  0.37229, -1.05533,  0.23552,  0.59123
253, 125, -0.28464,  1.24231, -0.3418,  0.5296,  0.41673, -0.82202,  0.8437, -0.37595
254, 123, -0.30145,  1.21275, -0.36758,  0.5305,  0.35994, -0.83776,  0.83792, -0.33484
255, 125, -0.28464,  1.24231, -0.3418,  0.5296,  0.41673, -0.82202,  0.8437, -0.37595
256, 98, -0.20657,  1.26144, -0.34202,  0.66625,  0.48479,  0.16809,  0.84953, -0.90141
257, 104, -0.23286,  1.24143, -0.3708,  0.66912,  0.42507,  0.16243,  0.85503, -0.8937
258, 120, -0.30143,  1.0543, -0.31168,  0.24249,  0.22034, -0.54777, -0.13096,  1.11593
259, 126, -0.30797,  1.10903, -0.30804,  0.24787,  0.31726, -0.6855, -0.06314,  1.04336
260, 116, -0.33686,  1.13213, -0.34007,  0.35938,  0.31726, -1.12007,  0.21725,  0.51063
261, 126, -0.30797,  1.10903, -0.30804,  0.24787,  0.31726, -0.6855, -0.06314,  1.04336
262, 124, -0.31394,  1.17778, -0.31059,  0.36574,  0.37229, -1.05533,  0.23552,  0.59123
263, 116, -0.33686,  1.13213, -0.34007,  0.35938,  0.31726, -1.12007,  0.21725,  0.51063
264, 126, -0.30797,  1.10903, -0.30804,  0.24787,  0.31726, -0.6855, -0.06314,  1.04336
265, 120, -0.30143,  1.0543, -0.31168,  0.24249,  0.22034, -0.54777, -0.13096,  1.11593
266, 127, -0.28548,  1.09666, -0.3013,  0.18575,  0.31726,  0.07016, -0.17437,  1.23579
267, 127, -0.28548,  1.09666, -0.3013,  0.18575,  0.31726,  0.07016, -0.17437,  1.23579
268, 124, -0.31394,  1.17778, -0.31059,  0.36574,  0.37229, -1.05533,  0.23552,  0.59123
269, 126, -0.30797,  1.10903, -0.30804,  0.24787,  0.31726, -0.6855, -0.06314,  1.04336
270, 127, -0.28548,  1.09666, -0.3013,  0.18575,  0.31726,  0.07016, -0.17437,  1.23579
271, 120, -0.30143,  1.0543, -0.31168,  0.24249,  0.22034, -0.54777, -0.13096,  1.11593
272, 128, -0.26402,  1.03449, -0.30667,  0.17307,  0.193,  0.6149,  0.11892,  1.08179
273, 129, -0.24316,  1.05838, -0.34371,  0.12227,  0.21744,  0.86254, -0.1908,  0.88438
274, 127, -0.28548,  1.09666, -0.3013,  0.18575,  0.31726,  0.07016, -0.17437,  1.23579
275, 128, -0.26402,  1.03449, -0.30667,  0.17307,  0.193,  0.6149,  0.11892,  1.08179
276, 129, -0.24316,  1.05838, -0.34371,  0.12227,  0.21744,  0.86254, -0.1908,  0.88438
277, 130, -0.23842,  1.105, -0.32425,  0.09239,  0.31726,  0.69094, -0.44701,  0.9409
278, 127, -0.28548,  1.09666, -0.3013,  0.18575,  0.31726,  0.07016, -0.17437,  1.23579
279, 98, -0.20657,  1.26144, -0.34202,  0.66625,  0.48479,  0.16809,  0.84953, -0.90141
280, 125, -0.28464,  1.24231, -0.3418,  0.5296,  0.41673, -0.82202,  0.8437, -0.37595
281, 131, -0.25991,  1.26984, -0.31411,  0.52967,  0.46745, -0.69763,  0.99571, -0.29048
282, 92, -0.23645,  1.29008, -0.28438,  0.52176,  0.53964, -0.77755,  0.86601, -0.45601
283, 98, -0.20657,  1.26144, -0.34202,  0.66625,  0.48479,  0.16809,  0.84953, -0.90141
284, 131, -0.25991,  1.26984, -0.31411,  0.52967,  0.46745, -0.69763,  0.99571, -0.29048
285, 129, -0.24316,  1.05838, -0.34371,  0.12227,  0.21744,  0.86254, -0.1908,  0.88438
286, 132, -0.21076,  1.09062, -0.36347,  0.02203,  0.26211,  1.06136, -0.63798,  0.17028
287, 130, -0.23842,  1.105, -0.32425,  0.09239,  0.31726,  0.69094, -0.44701,  0.9409
288, 132, -0.21076,  1.09062, -0.36347,  0.02203,  0.26211,  1.06136, -0.63798,  0.17028
289, 129, -0.24316,  1.05838, -0.34371,  0.12227,  0.21744,  0.86254, -0.1908,  0.88438
290, 133, -0.21348,  1.06013, -0.36797,  0.02203,  0.21282,  1.08363, -0.1845,  0.59516
291, 134, -0.19223,  1.09782, -0.35475,  0.02203,  0.28606,  1.09365, -0.54639,  0.26054
292, 130, -0.23842,  1.105, -0.32425,  0.09239,  0.31726,  0.69094, -0.44701,  0.9409
293, 132, -0.21076,  1.09062, -0.36347,  0.02203,  0.26211,  1.06136, -0.63798,  0.17028
294, 134, -0.19223,  1.09782, -0.35475,  0.02203,  0.28606,  1.09365, -0.54639,  0.26054
295, 135, -0.20355,  1.12578, -0.35746,  0.02203,  0.31726,  1.17008,  0.11873,  0.42345
296, 130, -0.23842,  1.105, -0.32425,  0.09239,  0.31726,  0.69094, -0.44701,  0.9409
297, 136, -0.20935,  1.1488, -0.33271,  0.02203,  0.3728,  1.02371, -0.62179,  0.27699
298, 130, -0.23842,  1.105, -0.32425,  0.09239,  0.31726,  0.69094, -0.44701,  0.9409
299, 135, -0.20355,  1.12578, -0.35746,  0.02203,  0.31726,  1.17008,  0.11873,  0.42345
300, 130, -0.23842,  1.105, -0.32425,  0.09239,  0.31726,  0.69094, -0.44701,  0.9409
301, 137, -0.27976,  1.14625, -0.2909,  0.19438,  0.37387, -0.25529, -0.57997,  1.07682
302, 127, -0.28548,  1.09666, -0.3013,  0.18575,  0.31726,  0.07016, -0.17437,  1.23579
303, 124, -0.31394,  1.17778, -0.31059,  0.36574,  0.37229, -1.05533,  0.23552,  0.59123
304, 127, -0.28548,  1.09666, -0.3013,  0.18575,  0.31726,  0.07016, -0.17437,  1.23579
305, 137, -0.27976,  1.14625, -0.2909,  0.19438,  0.37387, -0.25529, -0.57997,  1.07682
306, 138, -0.29953,  1.20352, -0.28684,  0.36672,  0.42978, -1.13279,  0.15172,  0.47043
307, 131, -0.25991,  1.26984, -0.31411,  0.52967,  0.46745, -0.69763,  0.99571, -0.29048
308, 125, -0.28464,  1.24231, -0.3418,  0.5296,  0.41673, -0.82202,  0.8437, -0.37595
309, 125, -0.28464,  1.24231, -0.3418,  0.5296,  0.41673, -0.82202,  0.8437, -0.37595
310, 124, -0.31394,  1.17778, -0.31059,  0.36574,  0.37229, -1.05533,  0.23552,  0.59123
311, 138, -0.29953,  1.20352, -0.28684,  0.36672,  0.42978, -1.13279,  0.15172,  0.47043
312, 139, -0.28203,  1.22393, -0.26249,  0.36502,  0.46415, -1.132,  0.25559,  0.4645
313, 92, -0.23645,  1.29008, -0.28438,  0.52176,  0.53964, -0.77755,  0.86601, -0.45601
314, 131, -0.25991,  1.26984, -0.31411,  0.52967,  0.46745, -0.69763,  0.99571, -0.29048
315, 131, -0.25991,  1.26984, -0.31411,  0.52967,  0.46745, -0.69763,  0.99571, -0.29048
316, 138, -0.29953,  1.20352, -0.28684,  0.36672,  0.42978, -1.13279,  0.15172,  0.47043
317, 139, -0.28203,  1.22393, -0.26249,  0.36502,  0.46415, -1.132,  0.25559,  0.4645
318, 130, -0.23842,  1.105, -0.32425,  0.09239,  0.31726,  0.69094, -0.44701,  0.9409
319, 136, -0.20935,  1.1488, -0.33271,  0.02203,  0.3728,  1.02371, -0.62179,  0.27699
320, 140, -0.24209,  1.14052, -0.30588,  0.09706,  0.37327,  0.4852, -0.79874,  0.81739
321, 137, -0.27976,  1.14625, -0.2909,  0.19438,  0.37387, -0.25529, -0.57997,  1.07682
322, 130, -0.23842,  1.105, -0.32425,  0.09239,  0.31726,  0.69094, -0.44701,  0.9409
323, 140, -0.24209,  1.14052, -0.30588,  0.09706,  0.37327,  0.4852, -0.79874,  0.81739
324, 136, -0.20935,  1.1488, -0.33271,  0.02203,  0.3728,  1.02371, -0.62179,  0.27699
325, 141, -0.23116,  1.15715, -0.28414,  0.09931,  0.42496,  0.2694, -1.10888,  0.48602
326, 140, -0.24209,  1.14052, -0.30588,  0.09706,  0.37327,  0.4852, -0.79874,  0.81739
327, 141, -0.23116,  1.15715, -0.28414,  0.09931,  0.42496,  0.2694, -1.10888,  0.48602
328, 137, -0.27976,  1.14625, -0.2909,  0.19438,  0.37387, -0.25529, -0.57997,  1.07682
329, 140, -0.24209,  1.14052, -0.30588,  0.09706,  0.37327,  0.4852, -0.79874,  0.81739
330, 141, -0.23116,  1.15715, -0.28414,  0.09931,  0.42496,  0.2694, -1.10888,  0.48602
331, 136, -0.20935,  1.1488, -0.33271,  0.02203,  0.3728,  1.02371, -0.62179,  0.27699
332, 142, -0.19613,  1.1634, -0.31057,  0.02203,  0.42533,  0.86899, -0.86818,  0.12037
333, 143, -0.18097,  1.16967, -0.29552,  0.02203,  0.46118,  0.68508, -1.0354, -0.14532
334, 141, -0.23116,  1.15715, -0.28414,  0.09931,  0.42496,  0.2694, -1.10888,  0.48602
335, 142, -0.19613,  1.1634, -0.31057,  0.02203,  0.42533,  0.86899, -0.86818,  0.12037
336, 144, -0.27214,  1.16531, -0.26903,  0.20225,  0.42448, -0.53158, -0.77299,  0.82018
337, 124, -0.31394,  1.17778, -0.31059,  0.36574,  0.37229, -1.05533,  0.23552,  0.59123
338, 137, -0.27976,  1.14625, -0.2909,  0.19438,  0.37387, -0.25529, -0.57997,  1.07682
339, 124, -0.31394,  1.17778, -0.31059,  0.36574,  0.37229, -1.05533,  0.23552,  0.59123
340, 144, -0.27214,  1.16531, -0.26903,  0.20225,  0.42448, -0.53158, -0.77299,  0.82018
341, 138, -0.29953,  1.20352, -0.28684,  0.36672,  0.42978, -1.13279,  0.15172,  0.47043
342, 137, -0.27976,  1.14625, -0.2909,  0.19438,  0.37387, -0.25529, -0.57997,  1.07682
343, 141, -0.23116,  1.15715, -0.28414,  0.09931,  0.42496,  0.2694, -1.10888,  0.48602
344, 144, -0.27214,  1.16531, -0.26903,  0.20225,  0.42448, -0.53158, -0.77299,  0.82018
345, 141, -0.23116,  1.15715, -0.28414,  0.09931,  0.42496,  0.2694, -1.10888,  0.48602
346, 143, -0.18097,  1.16967, -0.29552,  0.02203,  0.46118,  0.68508, -1.0354, -0.14532
347, 145, -0.21419,  1.15815, -0.26451,  0.09778,  0.45529,  0.16257, -1.19721,  0.32057
348, 145, -0.21419,  1.15815, -0.26451,  0.09778,  0.45529,  0.16257, -1.19721,  0.32057
349, 144, -0.27214,  1.16531, -0.26903,  0.20225,  0.42448, -0.53158, -0.77299,  0.82018
350, 141, -0.23116,  1.15715, -0.28414,  0.09931,  0.42496,  0.2694, -1.10888,  0.48602
351, 143, -0.18097,  1.16967, -0.29552,  0.02203,  0.46118,  0.68508, -1.0354, -0.14532
352, 146, -0.20089,  1.17157, -0.22871,  0.14144,  0.52635, -0.10202, -1.19305,  0.35878
353, 145, -0.21419,  1.15815, -0.26451,  0.09778,  0.45529,  0.16257, -1.19721,  0.32057
354, 146, -0.20089,  1.17157, -0.22871,  0.14144,  0.52635, -0.10202, -1.19305,  0.35878
355, 143, -0.18097,  1.16967, -0.29552,  0.02203,  0.46118,  0.68508, -1.0354, -0.14532
356, 147, -0.15409,  1.1768, -0.27141,  0.02203,  0.52281,  0.51733, -1.10279, -0.28059
357, 148, -0.25998,  1.18048, -0.24672,  0.2077,  0.45927, -0.70295, -0.66728,  0.78937
358, 138, -0.29953,  1.20352, -0.28684,  0.36672,  0.42978, -1.13279,  0.15172,  0.47043
359, 144, -0.27214,  1.16531, -0.26903,  0.20225,  0.42448, -0.53158, -0.77299,  0.82018
360, 144, -0.27214,  1.16531, -0.26903,  0.20225,  0.42448, -0.53158, -0.77299,  0.82018
361, 145, -0.21419,  1.15815, -0.26451,  0.09778,  0.45529,  0.16257, -1.19721,  0.32057
362, 148, -0.25998,  1.18048, -0.24672,  0.2077,  0.45927, -0.70295, -0.66728,  0.78937
363, 138, -0.29953,  1.20352, -0.28684,  0.36672,  0.42978, -1.13279,  0.15172,  0.47043
364, 148, -0.25998,  1.18048, -0.24672,  0.2077,  0.45927, -0.70295, -0.66728,  0.78937
365, 139, -0.28203,  1.22393, -0.26249,  0.36502,  0.46415, -1.132,  0.25559,  0.4645
366, 146, -0.20089,  1.17157, -0.22871,  0.14144,  0.52635, -0.10202, -1.19305,  0.35878
367, 148, -0.25998,  1.18048, -0.24672,  0.2077,  0.45927, -0.70295, -0.66728,  0.78937
368, 145, -0.21419,  1.15815, -0.26451,  0.09778,  0.45529,  0.16257, -1.19721,  0.32057
369, 149, -0.13432,  1.1788, -0.20867,  0.05602,  0.61177,  0.18457, -1.23492,  0.05848
370, 146, -0.20089,  1.17157, -0.22871,  0.14144,  0.52635, -0.10202, -1.19305,  0.35878
371, 147, -0.15409,  1.1768, -0.27141,  0.02203,  0.52281,  0.51733, -1.10279, -0.28059
372, 149, -0.13432,  1.1788, -0.20867,  0.05602,  0.61177,  0.18457, -1.23492,  0.05848
373, 147, -0.15409,  1.1768, -0.27141,  0.02203,  0.52281,  0.51733, -1.10279, -0.28059
374, 150, -0.11025,  1.18415, -0.20139,  0.02203,  0.65124,  0.56391, -1.08975, -0.23865
375, 149, -0.13432,  1.1788, -0.20867,  0.05602,  0.61177,  0.18457, -1.23492,  0.05848
376, 151, -0.15516,  1.18547, -0.17658,  0.11605,  0.63904, -0.03283, -1.19991,  0.34876
377, 146, -0.20089,  1.17157, -0.22871,  0.14144,  0.52635, -0.10202, -1.19305,  0.35878
378, 152, -0.19233,  1.19272, -0.16686,  0.17702,  0.62039, -0.26987, -1.14289,  0.42833
379, 146, -0.20089,  1.17157, -0.22871,  0.14144,  0.52635, -0.10202, -1.19305,  0.35878
380, 151, -0.15516,  1.18547, -0.17658,  0.11605,  0.63904, -0.03283, -1.19991,  0.34876
381, 153, -0.21929,  1.19702, -0.18725,  0.20072,  0.57246, -0.60779, -0.97161,  0.49907
382, 146, -0.20089,  1.17157, -0.22871,  0.14144,  0.52635, -0.10202, -1.19305,  0.35878
383, 152, -0.19233,  1.19272, -0.16686,  0.17702,  0.62039, -0.26987, -1.14289,  0.42833
384, 154, -0.24361,  1.1956, -0.22007,  0.23725,  0.53607, -0.79047, -0.73998,  0.62457
385, 148, -0.25998,  1.18048, -0.24672,  0.2077,  0.45927, -0.70295, -0.66728,  0.78937
386, 146, -0.20089,  1.17157, -0.22871,  0.14144,  0.52635, -0.10202, -1.19305,  0.35878
387, 146, -0.20089,  1.17157, -0.22871,  0.14144,  0.52635, -0.10202, -1.19305,  0.35878
388, 153, -0.21929,  1.19702, -0.18725,  0.20072,  0.57246, -0.60779, -0.97161,  0.49907
389, 154, -0.24361,  1.1956, -0.22007,  0.23725,  0.53607, -0.79047, -0.73998,  0.62457
390, 154, -0.24361,  1.1956, -0.22007,  0.23725,  0.53607, -0.79047, -0.73998,  0.62457
391, 139, -0.28203,  1.22393, -0.26249,  0.36502,  0.46415, -1.132,  0.25559,  0.4645
392, 148, -0.25998,  1.18048, -0.24672,  0.2077,  0.45927, -0.70295, -0.66728,  0.78937
393, 154, -0.24361,  1.1956, -0.22007,  0.23725,  0.53607, -0.79047, -0.73998,  0.62457
394, 153, -0.21929,  1.19702, -0.18725,  0.20072,  0.57246, -0.60779, -0.97161,  0.49907
395, 155, -0.2368,  1.24157, -0.14754,  0.25992,  0.64687, -0.95943, -0.63295,  0.49129
396, 155, -0.2368,  1.24157, -0.14754,  0.25992,  0.64687, -0.95943, -0.63295,  0.49129
397, 156, -0.26078,  1.26753, -0.16878,  0.31358,  0.62748, -1.21023, -0.19511,  0.24449
398, 154, -0.24361,  1.1956, -0.22007,  0.23725,  0.53607, -0.79047, -0.73998,  0.62457
399, 139, -0.28203,  1.22393, -0.26249,  0.36502,  0.46415, -1.132,  0.25559,  0.4645
400, 154, -0.24361,  1.1956, -0.22007,  0.23725,  0.53607, -0.79047, -0.73998,  0.62457
401, 157, -0.26645,  1.24536, -0.23058,  0.35445,  0.53188, -1.23038,  0.11529,  0.18808
402, 154, -0.24361,  1.1956, -0.22007,  0.23725,  0.53607, -0.79047, -0.73998,  0.62457
403, 156, -0.26078,  1.26753, -0.16878,  0.31358,  0.62748, -1.21023, -0.19511,  0.24449
404, 157, -0.26645,  1.24536, -0.23058,  0.35445,  0.53188, -1.23038,  0.11529,  0.18808
405, 92, -0.23645,  1.29008, -0.28438,  0.52176,  0.53964, -0.77755,  0.86601, -0.45601
406, 139, -0.28203,  1.22393, -0.26249,  0.36502,  0.46415, -1.132,  0.25559,  0.4645
407, 157, -0.26645,  1.24536, -0.23058,  0.35445,  0.53188, -1.23038,  0.11529,  0.18808
408, 157, -0.26645,  1.24536, -0.23058,  0.35445,  0.53188, -1.23038,  0.11529,  0.18808
409, 156, -0.26078,  1.26753, -0.16878,  0.31358,  0.62748, -1.21023, -0.19511,  0.24449
410, 94, -0.25221,  1.30474, -0.1895,  0.37249,  0.64272, -1.16095,  0.4294, -0.17413
411, 94, -0.25221,  1.30474, -0.1895,  0.37249,  0.64272, -1.16095,  0.4294, -0.17413
412, 92, -0.23645,  1.29008, -0.28438,  0.52176,  0.53964, -0.77755,  0.86601, -0.45601
413, 157, -0.26645,  1.24536, -0.23058,  0.35445,  0.53188, -1.23038,  0.11529,  0.18808
414, 158, -0.24316,  1.05838, -0.34371,  0.28323,  0.06535, -0.62462, -0.71194, -0.81578
415, 159, -0.28796,  1.12231, -0.3652,  0.33895,  0.09036, -0.62462, -0.71194, -0.81578
416, 160, -0.21348,  1.06013, -0.36797,  0.268,  0.08734, -0.62462, -0.71194, -0.81578
417, 161, -0.26402,  1.03449, -0.30667,  0.28386,  0.04005, -0.62723, -0.71283, -0.81299
418, 159, -0.28796,  1.12231, -0.3652,  0.33895,  0.09036, -0.62462, -0.71194, -0.81578
419, 158, -0.24316,  1.05838, -0.34371,  0.28323,  0.06535, -0.62462, -0.71194, -0.81578
420, 162, -0.20768,  1.10789, -0.45558,  0.29478,  0.14925, -0.55085, -1.07621, -0.31755
421, 163, -0.28796,  1.12231, -0.3652,  0.33895,  0.09036, -0.55085, -1.07621, -0.31755
422, 164, -0.23753,  1.12285, -0.45449,  0.31973,  0.14514, -0.55085, -1.07621, -0.31755
423, 165, -0.21444,  1.10016, -0.41828,  0.29088,  0.12793, -0.55616, -1.07186, -0.32296
424, 163, -0.28796,  1.12231, -0.3652,  0.33895,  0.09036, -0.55085, -1.07621, -0.31755
425, 162, -0.20768,  1.10789, -0.45558,  0.29478,  0.14925, -0.55085, -1.07621, -0.31755
426, 166, -0.12843,  1.21483, -0.21456,  0.02157,  0.82712,  0.68756, -1.03921,  0.09897
427, 167, -0.1906,  1.19196, -0.2144,  0.13372,  0.7646, -0.01794, -1.12341,  0.54784
428, 168, -0.15034,  1.20566, -0.24299,  0.02157,  0.7646,  0.61323, -1.08292, -0.11716
429, 167, -0.1906,  1.19196, -0.2144,  0.13372,  0.7646, -0.01794, -1.12341,  0.54784
430, 166, -0.12843,  1.21483, -0.21456,  0.02157,  0.82712,  0.68756, -1.03921,  0.09897
431, 169, -0.17266,  1.20752, -0.18532,  0.13372,  0.82712,  0.0249, -1.03864,  0.69507
432, 169, -0.17266,  1.20752, -0.18532,  0.13372,  0.82712,  0.0249, -1.03864,  0.69507
433, 170, -0.23662,  1.21985, -0.20649,  0.2618,  0.7646, -0.76449, -0.59018,  0.79356
434, 167, -0.1906,  1.19196, -0.2144,  0.13372,  0.7646, -0.01794, -1.12341,  0.54784
435, 171, -0.10906,  1.23659, -0.18555,  0.02157,  0.89691,  0.82029, -0.89086,  0.30984
436, 169, -0.17266,  1.20752, -0.18532,  0.13372,  0.82712,  0.0249, -1.03864,  0.69507
437, 166, -0.12843,  1.21483, -0.21456,  0.02157,  0.82712,  0.68756, -1.03921,  0.09897
438, 170, -0.23662,  1.21985, -0.20649,  0.2618,  0.7646, -0.76449, -0.59018,  0.79356
439, 169, -0.17266,  1.20752, -0.18532,  0.13372,  0.82712,  0.0249, -1.03864,  0.69507
440, 172, -0.22149,  1.24216, -0.17583,  0.2618,  0.82712, -0.73794, -0.51305,  0.86875
441, 173, -0.2407,  1.2766, -0.19331,  0.39001,  0.82712, -1.13089,  0.30192,  0.43868
442, 170, -0.23662,  1.21985, -0.20649,  0.2618,  0.7646, -0.76449, -0.59018,  0.79356
443, 172, -0.22149,  1.24216, -0.17583,  0.2618,  0.82712, -0.73794, -0.51305,  0.86875
444, 170, -0.23662,  1.21985, -0.20649,  0.2618,  0.7646, -0.76449, -0.59018,  0.79356
445, 173, -0.2407,  1.2766, -0.19331,  0.39001,  0.82712, -1.13089,  0.30192,  0.43868
446, 174, -0.25664,  1.255, -0.22311,  0.39001,  0.7646, -1.14695,  0.30675,  0.39104
447, 173, -0.2407,  1.2766, -0.19331,  0.39001,  0.82712, -1.13089,  0.30192,  0.43868
448, 175, -0.22261,  1.29773, -0.27127,  0.50549,  0.7646, -0.81118,  0.88206, -0.3556
449, 174, -0.25664,  1.255, -0.22311,  0.39001,  0.7646, -1.14695,  0.30675,  0.39104
450, 175, -0.22261,  1.29773, -0.27127,  0.50549,  0.7646, -0.81118,  0.88206, -0.3556
451, 173, -0.2407,  1.2766, -0.19331,  0.39001,  0.82712, -1.13089,  0.30192,  0.43868
452, 176, -0.21104,  1.32178, -0.24093,  0.50549,  0.82712, -0.79702,  0.91862, -0.28878
453, 176, -0.21104,  1.32178, -0.24093,  0.50549,  0.82712, -0.79702,  0.91862, -0.28878
454, 177, -0.17809,  1.30413, -0.29702,  0.62997,  0.7646, -0.0021,  0.86888, -0.89863
455, 175, -0.22261,  1.29773, -0.27127,  0.50549,  0.7646, -0.81118,  0.88206, -0.3556
456, 172, -0.22149,  1.24216, -0.17583,  0.2618,  0.82712, -0.73794, -0.51305,  0.86875
457, 178, -0.22124,  1.29945, -0.16613,  0.39001,  0.89691, -1.05996,  0.37013,  0.54954
458, 173, -0.2407,  1.2766, -0.19331,  0.39001,  0.82712, -1.13089,  0.30192,  0.43868
459, 178, -0.22124,  1.29945, -0.16613,  0.39001,  0.89691, -1.05996,  0.37013,  0.54954
460, 176, -0.21104,  1.32178, -0.24093,  0.50549,  0.82712, -0.79702,  0.91862, -0.28878
461, 173, -0.2407,  1.2766, -0.19331,  0.39001,  0.82712, -1.13089,  0.30192,  0.43868
462, 169, -0.17266,  1.20752, -0.18532,  0.13372,  0.82712,  0.0249, -1.03864,  0.69507
463, 179, -0.20051,  1.26524, -0.14934,  0.2618,  0.89691, -0.69388, -0.46689,  0.929
464, 172, -0.22149,  1.24216, -0.17583,  0.2618,  0.82712, -0.73794, -0.51305,  0.86875
465, 178, -0.22124,  1.29945, -0.16613,  0.39001,  0.89691, -1.05996,  0.37013,  0.54954
466, 172, -0.22149,  1.24216, -0.17583,  0.2618,  0.82712, -0.73794, -0.51305,  0.86875
467, 179, -0.20051,  1.26524, -0.14934,  0.2618,  0.89691, -0.69388, -0.46689,  0.929
468, 169, -0.17266,  1.20752, -0.18532,  0.13372,  0.82712,  0.0249, -1.03864,  0.69507
469, 171, -0.10906,  1.23659, -0.18555,  0.02157,  0.89691,  0.82029, -0.89086,  0.30984
470, 180, -0.15275,  1.23254, -0.15581,  0.13372,  0.89691,  0.07626, -0.94156,  0.81863
471, 179, -0.20051,  1.26524, -0.14934,  0.2618,  0.89691, -0.69388, -0.46689,  0.929
472, 169, -0.17266,  1.20752, -0.18532,  0.13372,  0.82712,  0.0249, -1.03864,  0.69507
473, 180, -0.15275,  1.23254, -0.15581,  0.13372,  0.89691,  0.07626, -0.94156,  0.81863
474, 171, -0.10906,  1.23659, -0.18555,  0.02157,  0.89691,  0.82029, -0.89086,  0.30984
475, 181, -0.14214,  1.25349, -0.14989,  0.13372,  0.95536,  0.10631, -0.50784,  1.09023
476, 180, -0.15275,  1.23254, -0.15581,  0.13372,  0.89691,  0.07626, -0.94156,  0.81863
477, 181, -0.14214,  1.25349, -0.14989,  0.13372,  0.95536,  0.10631, -0.50784,  1.09023
478, 179, -0.20051,  1.26524, -0.14934,  0.2618,  0.89691, -0.69388, -0.46689,  0.929
479, 180, -0.15275,  1.23254, -0.15581,  0.13372,  0.89691,  0.07626, -0.94156,  0.81863
480, 181, -0.14214,  1.25349, -0.14989,  0.13372,  0.95536,  0.10631, -0.50784,  1.09023
481, 171, -0.10906,  1.23659, -0.18555,  0.02157,  0.89691,  0.82029, -0.89086,  0.30984
482, 182, -0.09787,  1.26019, -0.16517,  0.02157,  0.95536,  0.68562, -0.36334,  0.93992
483, 182, -0.09787,  1.26019, -0.16517,  0.02157,  0.95536,  0.68562, -0.36334,  0.93992
484, 183, -0.14039,  1.26286, -0.15316,  0.13372,  0.98029,  0.28773,  0.45631,  1.07356
485, 181, -0.14214,  1.25349, -0.14989,  0.13372,  0.95536,  0.10631, -0.50784,  1.09023
486, 183, -0.14039,  1.26286, -0.15316,  0.13372,  0.98029,  0.28773,  0.45631,  1.07356
487, 182, -0.09787,  1.26019, -0.16517,  0.02157,  0.95536,  0.68562, -0.36334,  0.93992
488, 184, -0.10427,  1.26729, -0.16779,  0.02157,  0.98029,  0.19258,  0.62196,  1.01259
489, 185, -0.17504,  1.2823, -0.15197,  0.2618,  0.98029,  0.29164,  0.42278,  1.08616
490, 181, -0.14214,  1.25349, -0.14989,  0.13372,  0.95536,  0.10631, -0.50784,  1.09023
491, 183, -0.14039,  1.26286, -0.15316,  0.13372,  0.98029,  0.28773,  0.45631,  1.07356
492, 181, -0.14214,  1.25349, -0.14989,  0.13372,  0.95536,  0.10631, -0.50784,  1.09023
493, 185, -0.17504,  1.2823, -0.15197,  0.2618,  0.98029,  0.29164,  0.42278,  1.08616
494, 186, -0.18449,  1.27725, -0.14873,  0.2618,  0.95536, -0.42645, -0.25939,  1.09255
495, 179, -0.20051,  1.26524, -0.14934,  0.2618,  0.89691, -0.69388, -0.46689,  0.929
496, 181, -0.14214,  1.25349, -0.14989,  0.13372,  0.95536,  0.10631, -0.50784,  1.09023
497, 186, -0.18449,  1.27725, -0.14873,  0.2618,  0.95536, -0.42645, -0.25939,  1.09255
498, 187, -0.18755,  1.31403, -0.15994,  0.39001,  0.98029,  0.30682,  0.38,  1.09722
499, 186, -0.18449,  1.27725, -0.14873,  0.2618,  0.95536, -0.42645, -0.25939,  1.09255
500, 185, -0.17504,  1.2823, -0.15197,  0.2618,  0.98029,  0.29164,  0.42278,  1.08616
501, 188, -0.1997,  1.31612, -0.15842,  0.39001,  0.95536, -0.65872,  0.43262,  0.93028
502, 179, -0.20051,  1.26524, -0.14934,  0.2618,  0.89691, -0.69388, -0.46689,  0.929
503, 186, -0.18449,  1.27725, -0.14873,  0.2618,  0.95536, -0.42645, -0.25939,  1.09255
504, 186, -0.18449,  1.27725, -0.14873,  0.2618,  0.95536, -0.42645, -0.25939,  1.09255
505, 187, -0.18755,  1.31403, -0.15994,  0.39001,  0.98029,  0.30682,  0.38,  1.09722
506, 188, -0.1997,  1.31612, -0.15842,  0.39001,  0.95536, -0.65872,  0.43262,  0.93028
507, 179, -0.20051,  1.26524, -0.14934,  0.2618,  0.89691, -0.69388, -0.46689,  0.929
508, 188, -0.1997,  1.31612, -0.15842,  0.39001,  0.95536, -0.65872,  0.43262,  0.93028
509, 178, -0.22124,  1.29945, -0.16613,  0.39001,  0.89691, -1.05996,  0.37013,  0.54954
510, 189, -0.1587,  1.34971, -0.18038,  0.50549,  0.98029,  0.37768,  0.45351,  1.04601
511, 188, -0.1997,  1.31612, -0.15842,  0.39001,  0.95536, -0.65872,  0.43262,  0.93028
512, 187, -0.18755,  1.31403, -0.15994,  0.39001,  0.98029,  0.30682,  0.38,  1.09722
513, 188, -0.1997,  1.31612, -0.15842,  0.39001,  0.95536, -0.65872,  0.43262,  0.93028
514, 190, -0.1955,  1.34221, -0.20816,  0.50549,  0.89691, -0.70956,  1.0242, -0.10027
515, 178, -0.22124,  1.29945, -0.16613,  0.39001,  0.89691, -1.05996,  0.37013,  0.54954
516, 176, -0.21104,  1.32178, -0.24093,  0.50549,  0.82712, -0.79702,  0.91862, -0.28878
517, 178, -0.22124,  1.29945, -0.16613,  0.39001,  0.89691, -1.05996,  0.37013,  0.54954
518, 190, -0.1955,  1.34221, -0.20816,  0.50549,  0.89691, -0.70956,  1.0242, -0.10027
519, 188, -0.1997,  1.31612, -0.15842,  0.39001,  0.95536, -0.65872,  0.43262,  0.93028
520, 189, -0.1587,  1.34971, -0.18038,  0.50549,  0.98029,  0.37768,  0.45351,  1.04601
521, 191, -0.16471,  1.3599, -0.18222,  0.50549,  0.95536, -0.18749,  0.98324,  0.70323
522, 190, -0.1955,  1.34221, -0.20816,  0.50549,  0.89691, -0.70956,  1.0242, -0.10027
523, 188, -0.1997,  1.31612, -0.15842,  0.39001,  0.95536, -0.65872,  0.43262,  0.93028
524, 191, -0.16471,  1.3599, -0.18222,  0.50549,  0.95536, -0.18749,  0.98324,  0.70323
525, 192, -0.1195,  1.35885, -0.20288,  0.62997,  0.98029,  0.42374,  0.51512,  1.00
526, 191, -0.16471,  1.3599, -0.18222,  0.50549,  0.95536, -0.18749,  0.98324,  0.70323
527, 189, -0.1587,  1.34971, -0.18038,  0.50549,  0.98029,  0.37768,  0.45351,  1.04601
528, 191, -0.16471,  1.3599, -0.18222,  0.50549,  0.95536, -0.18749,  0.98324,  0.70323
529, 192, -0.1195,  1.35885, -0.20288,  0.62997,  0.98029,  0.42374,  0.51512,  1.00
530, 193, -0.11446,  1.37057, -0.2086,  0.62997,  0.95536,  0.43353,  1.08527,  0.31716
531, 193, -0.11446,  1.37057, -0.2086,  0.62997,  0.95536,  0.43353,  1.08527,  0.31716
532, 190, -0.1955,  1.34221, -0.20816,  0.50549,  0.89691, -0.70956,  1.0242, -0.10027
533, 191, -0.16471,  1.3599, -0.18222,  0.50549,  0.95536, -0.18749,  0.98324,  0.70323
534, 194, -0.088,  1.32037, -0.19495,  0.75076,  0.98029,  0.34035,  0.50167,  1.03785
535, 193, -0.11446,  1.37057, -0.2086,  0.62997,  0.95536,  0.43353,  1.08527,  0.31716
536, 192, -0.1195,  1.35885, -0.20288,  0.62997,  0.98029,  0.42374,  0.51512,  1.00
537, 195, -0.1192,  1.36257, -0.23575,  0.62997,  0.89691,  0.40636,  1.08093, -0.35844
538, 176, -0.21104,  1.32178, -0.24093,  0.50549,  0.82712, -0.79702,  0.91862, -0.28878
539, 190, -0.1955,  1.34221, -0.20816,  0.50549,  0.89691, -0.70956,  1.0242, -0.10027
540, 190, -0.1955,  1.34221, -0.20816,  0.50549,  0.89691, -0.70956,  1.0242, -0.10027
541, 193, -0.11446,  1.37057, -0.2086,  0.62997,  0.95536,  0.43353,  1.08527,  0.31716
542, 195, -0.1192,  1.36257, -0.23575,  0.62997,  0.89691,  0.40636,  1.08093, -0.35844
543, 193, -0.11446,  1.37057, -0.2086,  0.62997,  0.95536,  0.43353,  1.08527,  0.31716
544, 194, -0.088,  1.32037, -0.19495,  0.75076,  0.98029,  0.34035,  0.50167,  1.03785
545, 196, -0.07628,  1.32358, -0.19855,  0.75076,  0.95536,  1.0058,  0.49125,  0.45081
546, 197, -0.08926,  1.28883, -0.18068,  0.87035,  0.98029,  0.12312,  0.56847,  1.05438
547, 196, -0.07628,  1.32358, -0.19855,  0.75076,  0.95536,  1.0058,  0.49125,  0.45081
548, 194, -0.088,  1.32037, -0.19495,  0.75076,  0.98029,  0.34035,  0.50167,  1.03785
549, 176, -0.21104,  1.32178, -0.24093,  0.50549,  0.82712, -0.79702,  0.91862, -0.28878
550, 195, -0.1192,  1.36257, -0.23575,  0.62997,  0.89691,  0.40636,  1.08093, -0.35844
551, 198, -0.15331,  1.32865, -0.27585,  0.62997,  0.82712,  0.20294,  0.88647, -0.85761
552, 177, -0.17809,  1.30413, -0.29702,  0.62997,  0.7646, -0.0021,  0.86888, -0.89863
553, 176, -0.21104,  1.32178, -0.24093,  0.50549,  0.82712, -0.79702,  0.91862, -0.28878
554, 198, -0.15331,  1.32865, -0.27585,  0.62997,  0.82712,  0.20294,  0.88647, -0.85761
555, 193, -0.11446,  1.37057, -0.2086,  0.62997,  0.95536,  0.43353,  1.08527,  0.31716
556, 199, -0.09894,  1.29984, -0.23597,  0.75076,  0.89691,  1.05063,  0.32908, -0.59193
557, 195, -0.1192,  1.36257, -0.23575,  0.62997,  0.89691,  0.40636,  1.08093, -0.35844
558, 199, -0.09894,  1.29984, -0.23597,  0.75076,  0.89691,  1.05063,  0.32908, -0.59193
559, 198, -0.15331,  1.32865, -0.27585,  0.62997,  0.82712,  0.20294,  0.88647, -0.85761
560, 195, -0.1192,  1.36257, -0.23575,  0.62997,  0.89691,  0.40636,  1.08093, -0.35844
561, 199, -0.09894,  1.29984, -0.23597,  0.75076,  0.89691,  1.05063,  0.32908, -0.59193
562, 193, -0.11446,  1.37057, -0.2086,  0.62997,  0.95536,  0.43353,  1.08527,  0.31716
563, 196, -0.07628,  1.32358, -0.19855,  0.75076,  0.95536,  1.0058,  0.49125,  0.45081
564, 200, -0.11282,  1.28657, -0.26551,  0.75076,  0.82712,  0.91355,  0.33315, -0.78546
565, 177, -0.17809,  1.30413, -0.29702,  0.62997,  0.7646, -0.0021,  0.86888, -0.89863
566, 198, -0.15331,  1.32865, -0.27585,  0.62997,  0.82712,  0.20294,  0.88647, -0.85761
567, 198, -0.15331,  1.32865, -0.27585,  0.62997,  0.82712,  0.20294,  0.88647, -0.85761
568, 199, -0.09894,  1.29984, -0.23597,  0.75076,  0.89691,  1.05063,  0.32908, -0.59193
569, 200, -0.11282,  1.28657, -0.26551,  0.75076,  0.82712,  0.91355,  0.33315, -0.78546
570, 177, -0.17809,  1.30413, -0.29702,  0.62997,  0.7646, -0.0021,  0.86888, -0.89863
571, 200, -0.11282,  1.28657, -0.26551,  0.75076,  0.82712,  0.91355,  0.33315, -0.78546
572, 201, -0.13699,  1.26679, -0.29549,  0.75076,  0.7646,  0.82294,  0.33, -0.88112
573, 200, -0.11282,  1.28657, -0.26551,  0.75076,  0.82712,  0.91355,  0.33315, -0.78546
574, 202, -0.1265,  1.23513, -0.28076,  0.87035,  0.7646,  0.97267, -0.49794, -0.60702
575, 201, -0.13699,  1.26679, -0.29549,  0.75076,  0.7646,  0.82294,  0.33, -0.88112
576, 202, -0.1265,  1.23513, -0.28076,  0.87035,  0.7646,  0.97267, -0.49794, -0.60702
577, 200, -0.11282,  1.28657, -0.26551,  0.75076,  0.82712,  0.91355,  0.33315, -0.78546
578, 203, -0.09784,  1.24918, -0.24735,  0.87035,  0.82712,  1.10358, -0.43231, -0.39713
579, 199, -0.09894,  1.29984, -0.23597,  0.75076,  0.89691,  1.05063,  0.32908, -0.59193
580, 203, -0.09784,  1.24918, -0.24735,  0.87035,  0.82712,  1.10358, -0.43231, -0.39713
581, 200, -0.11282,  1.28657, -0.26551,  0.75076,  0.82712,  0.91355,  0.33315, -0.78546
582, 203, -0.09784,  1.24918, -0.24735,  0.87035,  0.82712,  1.10358, -0.43231, -0.39713
583, 204, -0.15034,  1.20566, -0.24299,  0.97673,  0.7646,  0.61323, -1.08292, -0.11716
584, 202, -0.1265,  1.23513, -0.28076,  0.87035,  0.7646,  0.97267, -0.49794, -0.60702
585, 204, -0.15034,  1.20566, -0.24299,  0.97673,  0.7646,  0.61323, -1.08292, -0.11716
586, 203, -0.09784,  1.24918, -0.24735,  0.87035,  0.82712,  1.10358, -0.43231, -0.39713
587, 205, -0.12843,  1.21483, -0.21456,  0.97673,  0.82712,  0.68756, -1.03921,  0.09897
588, 203, -0.09784,  1.24918, -0.24735,  0.87035,  0.82712,  1.10358, -0.43231, -0.39713
589, 199, -0.09894,  1.29984, -0.23597,  0.75076,  0.89691,  1.05063,  0.32908, -0.59193
590, 206, -0.09055,  1.26187, -0.20855,  0.87035,  0.89691,  1.17997, -0.40696, -0.06742
591, 206, -0.09055,  1.26187, -0.20855,  0.87035,  0.89691,  1.17997, -0.40696, -0.06742
592, 205, -0.12843,  1.21483, -0.21456,  0.97673,  0.82712,  0.68756, -1.03921,  0.09897
593, 203, -0.09784,  1.24918, -0.24735,  0.87035,  0.82712,  1.10358, -0.43231, -0.39713
594, 196, -0.07628,  1.32358, -0.19855,  0.75076,  0.95536,  1.0058,  0.49125,  0.45081
595, 206, -0.09055,  1.26187, -0.20855,  0.87035,  0.89691,  1.17997, -0.40696, -0.06742
596, 199, -0.09894,  1.29984, -0.23597,  0.75076,  0.89691,  1.05063,  0.32908, -0.59193
597, 205, -0.12843,  1.21483, -0.21456,  0.97673,  0.82712,  0.68756, -1.03921,  0.09897
598, 206, -0.09055,  1.26187, -0.20855,  0.87035,  0.89691,  1.17997, -0.40696, -0.06742
599, 207, -0.10906,  1.23659, -0.18555,  0.97673,  0.89691,  0.82029, -0.89086,  0.30984
600, 206, -0.09055,  1.26187, -0.20855,  0.87035,  0.89691,  1.17997, -0.40696, -0.06742
601, 196, -0.07628,  1.32358, -0.19855,  0.75076,  0.95536,  1.0058,  0.49125,  0.45081
602, 208, -0.07929,  1.28676, -0.18016,  0.87035,  0.95536,  0.89618,  0.06992,  0.81337
603, 208, -0.07929,  1.28676, -0.18016,  0.87035,  0.95536,  0.89618,  0.06992,  0.81337
604, 207, -0.10906,  1.23659, -0.18555,  0.97673,  0.89691,  0.82029, -0.89086,  0.30984
605, 206, -0.09055,  1.26187, -0.20855,  0.87035,  0.89691,  1.17997, -0.40696, -0.06742
606, 196, -0.07628,  1.32358, -0.19855,  0.75076,  0.95536,  1.0058,  0.49125,  0.45081
607, 197, -0.08926,  1.28883, -0.18068,  0.87035,  0.98029,  0.12312,  0.56847,  1.05438
608, 208, -0.07929,  1.28676, -0.18016,  0.87035,  0.95536,  0.89618,  0.06992,  0.81337
609, 207, -0.10906,  1.23659, -0.18555,  0.97673,  0.89691,  0.82029, -0.89086,  0.30984
610, 208, -0.07929,  1.28676, -0.18016,  0.87035,  0.95536,  0.89618,  0.06992,  0.81337
611, 209, -0.09787,  1.26019, -0.16517,  0.97673,  0.95536,  0.68562, -0.36334,  0.93992
612, 210, -0.10427,  1.26729, -0.16779,  0.97673,  0.98029,  0.19258,  0.62196,  1.01259
613, 208, -0.07929,  1.28676, -0.18016,  0.87035,  0.95536,  0.89618,  0.06992,  0.81337
614, 197, -0.08926,  1.28883, -0.18068,  0.87035,  0.98029,  0.12312,  0.56847,  1.05438
615, 208, -0.07929,  1.28676, -0.18016,  0.87035,  0.95536,  0.89618,  0.06992,  0.81337
616, 210, -0.10427,  1.26729, -0.16779,  0.97673,  0.98029,  0.19258,  0.62196,  1.01259
617, 209, -0.09787,  1.26019, -0.16517,  0.97673,  0.95536,  0.68562, -0.36334,  0.93992
